<?xml version="1.0" encoding="utf-8"?>
<Groups clsid="{3125E937-EB16-4b4c-9934-544FC6D24D26}"><Group clsid="{6D4A79E4-529C-4481-ABD0-F5BD7EA93BA7}" name="Administrators (built-in)" image="2" changed="2020-09-18 21:04:28" uid="{2D5A05E1-52CF-46B1-9433-A8A1FFB4A243}" userContext="0" removePolicy="0"><Properties action="U" newName="" description="" deleteAllUsers="0" deleteAllGroups="0" removeAccounts="0" groupSid="S-1-5-32-544" groupName="Administrators (built-in)"><Members><Member name="CONTOSOAD\Tier1 Server Maintenance" action="ADD" sid="S-1-5-21-3198337407-2593875437-2147202923-1620"/></Members></Properties><Filters><FilterWmi bool="AND" not="0" query="Select ProductType from Win32_OperatingSystem where ProductType = 3" nameSpace="Root\cimv2" property="" variableName=""/></Filters></Group>
</Groups>
