<?xml version="1.0" encoding="utf-8"?><!-- Copyright (c) Microsoft Corporation.  All rights reserved. --><GroupPolicyBackupScheme bkp:version="2.0" bkp:type="GroupPolicyBackupTemplate" xmlns:bkp="http://www.microsoft.com/GroupPolicy/GPOOperations" xmlns="http://www.microsoft.com/GroupPolicy/GPOOperations">
    <GroupPolicyObject><SecurityGroups><Group bkp:Source="FromDACL"><Sid><![CDATA[S-1-5-21-3317783076-3095208487-2427241679-512]]></Sid><SamAccountName><![CDATA[Domain Admins]]></SamAccountName><Type><![CDATA[GlobalGroup]]></Type><NetBIOSDomainName><![CDATA[EU]]></NetBIOSDomainName><DnsDomainName><![CDATA[eu.contosoad.com]]></DnsDomainName><UPN><![CDATA[Domain Admins@eu.contosoad.com]]></UPN></Group><Group bkp:Source="FromDACL"><Sid><![CDATA[S-1-5-21-3159734138-2880520547-285117312-519]]></Sid><SamAccountName><![CDATA[Enterprise Admins]]></SamAccountName><Type><![CDATA[UniversalGroup]]></Type><NetBIOSDomainName><![CDATA[CONTOSOAD]]></NetBIOSDomainName><DnsDomainName><![CDATA[contosoad.com]]></DnsDomainName><UPN><![CDATA[Enterprise Admins@contosoad.com]]></UPN></Group></SecurityGroups><FilePaths/><GroupPolicyCoreSettings><ID><![CDATA[{7F05CF27-7CC9-4AC8-9530-1ECD2A565ABC}]]></ID><Domain><![CDATA[eu.contosoad.com]]></Domain><SecurityDescriptor>01 00 04 9c 00 00 00 00 00 00 00 00 00 00 00 00 14 00 00 00 04 00 dc 00 08 00 00 00 05 02 28 00 00 01 00 00 01 00 00 00 8f fd ac ed b3 ff d1 11 b4 1d 00 a0 c9 68 f9 39 01 01 00 00 00 00 00 05 0b 00 00 00 00 02 24 00 ff 00 0f 00 01 05 00 00 00 00 00 05 15 00 00 00 24 5a c1 c5 27 22 7d b8 cf c4 ac 90 00 02 00 00 00 02 24 00 ff 00 0f 00 01 05 00 00 00 00 00 05 15 00 00 00 7a b7 55 bc 63 41 b1 ab 80 8b fe 10 07 02 00 00 00 00 14 00 ff 00 0f 00 01 01 00 00 00 00 00 05 12 00 00 00 00 02 14 00 94 00 02 00 01 01 00 00 00 00 00 05 09 00 00 00 00 02 14 00 94 00 02 00 01 01 00 00 00 00 00 05 0b 00 00 00 00 02 14 00 ff 00 0f 00 01 01 00 00 00 00 00 05 12 00 00 00 00 0a 14 00 ff 00 0f 00 01 01 00 00 00 00 00 03 00 00 00 00</SecurityDescriptor><DisplayName><![CDATA[Server Admin GPO]]></DisplayName><Options><![CDATA[0]]></Options><UserVersionNumber><![CDATA[65537]]></UserVersionNumber><MachineVersionNumber><![CDATA[851981]]></MachineVersionNumber><MachineExtensionGuids><![CDATA[[{00000000-0000-0000-0000-000000000000}{79F92669-4224-476C-9C5C-6EFB4D87DF4A}][{17D89FEC-5C44-4972-B12D-241CAEF74509}{79F92669-4224-476C-9C5C-6EFB4D87DF4A}]]]></MachineExtensionGuids><UserExtensionGuids/><WMIFilter/></GroupPolicyCoreSettings> 
        <GroupPolicyExtension bkp:ID="{35378EAC-683F-11D2-A89A-00C04FBBCFA2}" bkp:DescName="Registry">
            
            
            <FSObjectFile bkp:Path="%GPO_FSPATH%\Adm\*.*" bkp:SourceExpandedPath="\\eucontosodc1.eu.contosoad.com\sysvol\eu.contosoad.com\Policies\{7F05CF27-7CC9-4AC8-9530-1ECD2A565ABC}\Adm\*.*"/>
        </GroupPolicyExtension>
        
        
        
        
        
        
        
        
        
    <GroupPolicyExtension bkp:ID="{F15C46CD-82A0-4C2D-A210-5D0D3182A418}" bkp:DescName="Unknown Extension"><FSObjectDir bkp:Path="%GPO_MACH_FSPATH%\Preferences" bkp:SourceExpandedPath="\\eucontosodc1.eu.contosoad.com\sysvol\eu.contosoad.com\Policies\{7F05CF27-7CC9-4AC8-9530-1ECD2A565ABC}\Machine\Preferences" bkp:Location="DomainSysvol\GPO\Machine\Preferences"/><FSObjectDir bkp:Path="%GPO_MACH_FSPATH%\Preferences\Groups" bkp:SourceExpandedPath="\\eucontosodc1.eu.contosoad.com\sysvol\eu.contosoad.com\Policies\{7F05CF27-7CC9-4AC8-9530-1ECD2A565ABC}\Machine\Preferences\Groups" bkp:Location="DomainSysvol\GPO\Machine\Preferences\Groups"/><FSObjectFile bkp:Path="%GPO_MACH_FSPATH%\Preferences\Groups\Groups.xml" bkp:SourceExpandedPath="\\eucontosodc1.eu.contosoad.com\sysvol\eu.contosoad.com\Policies\{7F05CF27-7CC9-4AC8-9530-1ECD2A565ABC}\Machine\Preferences\Groups\Groups.xml" bkp:Location="DomainSysvol\GPO\Machine\Preferences\Groups\Groups.xml"/></GroupPolicyExtension></GroupPolicyObject>
</GroupPolicyBackupScheme>