<BackupInst xmlns="http://www.microsoft.com/GroupPolicy/GPOOperations/Manifest"><GPOGuid><![CDATA[{7F05CF27-7CC9-4AC8-9530-1ECD2A565ABC}]]></GPOGuid><GPODomain><![CDATA[eu.contosoad.com]]></GPODomain><GPODomainGuid><![CDATA[{c70684a4-1ac7-4f4b-8542-ee2e2af5bb1d}]]></GPODomainGuid><GPODomainController><![CDATA[eucontosodc1.eu.contosoad.com]]></GPODomainController><BackupTime><![CDATA[2020-09-20T03:08:55]]></BackupTime><ID><![CDATA[{8FD9D5C3-89B9-48F8-B237-5DDBAF986EC5}]]></ID><Comment><![CDATA[]]></Comment><GPODisplayName><![CDATA[Server Admin GPO]]></GPODisplayName></BackupInst>
