<BackupInst xmlns="http://www.microsoft.com/GroupPolicy/GPOOperations/Manifest"><GPOGuid><![CDATA[{2D4FA4AD-9007-4AA7-B727-0F0F402BCA9F}]]></GPOGuid><GPODomain><![CDATA[contosoad.com]]></GPODomain><GPODomainGuid><![CDATA[{0159ec60-a692-4556-90f1-0db2397d2264}]]></GPODomainGuid><GPODomainController><![CDATA[contosodc1.contosoad.com]]></GPODomainController><BackupTime><![CDATA[2020-08-21T02:06:03]]></BackupTime><ID><![CDATA[{0DEB5797-92DC-435A-A3D6-BFC21995A38E}]]></ID><Comment><![CDATA[Server Admins GPO]]></Comment><GPODisplayName><![CDATA[Server Config]]></GPODisplayName></BackupInst>
