<?xml version="1.0" encoding="utf-8"?>
<Groups clsid="{3125E937-EB16-4b4c-9934-544FC6D24D26}"><Group clsid="{6D4A79E4-529C-4481-ABD0-F5BD7EA93BA7}" name="Administrators (built-in)" image="2" changed="2020-08-21 02:05:15" uid="{78EE9B01-48BF-40F4-9F02-F8D442E533F4}" userContext="0" removePolicy="0"><Properties action="U" newName="" description="" deleteAllUsers="0" deleteAllGroups="1" removeAccounts="0" groupSid="S-1-5-32-544" groupName="Administrators (built-in)"><Members><Member name="CONTOSOAD\Tier1 Server Maintenance" action="ADD" sid="S-1-5-21-786153091-3279888221-1916142390-16213"/></Members></Properties><Filters><FilterWmi bool="AND" not="0" query="Select ProductType from Win32_OperatingSystem where ProudctType=&quot;3&quot;" nameSpace="Root\cimv2" property="" variableName=""/></Filters></Group>
</Groups>
