<?xml version="1.0" encoding="utf-8"?>
<Groups clsid="{3125E937-EB16-4b4c-9934-544FC6D24D26}">
	<Group clsid="{6D4A79E4-529C-4481-ABD0-F5BD7EA93BA7}" name="Administrators (built-in)" image="2" changed="2020-09-20 03:07:45" uid="{834B913E-DF9E-490A-939D-8835FB8E6E64}" userContext="0" removePolicy="0">
		<Properties action="U" newName="" description="" deleteAllUsers="0" deleteAllGroups="0" removeAccounts="0" groupSid="S-1-5-32-544" groupName="Administrators (built-in)">
			<Members><Member name="%DOMAINNAME%\Tier1 Server Maintenance" action="ADD" sid=""/></Members></Properties>
		<Filters>
			<FilterWmi bool="AND" not="0" query="Select ProductType from Win32_OperatingSystem where ProductType = 3" nameSpace="Root\cimv2" property="" variableName=""/>
		</Filters>
	</Group>
</Groups>
