<BackupInst xmlns="http://www.microsoft.com/GroupPolicy/GPOOperations/Manifest"><GPOGuid><![CDATA[{52822D92-B2B6-45D7-B8AF-055A74E3CD0D}]]></GPOGuid><GPODomain><![CDATA[contosoad.com]]></GPODomain><GPODomainGuid><![CDATA[{f3c60fda-8829-4421-a0a2-4d7558a313b3}]]></GPODomainGuid><GPODomainController><![CDATA[contosodc1.contosoad.com]]></GPODomainController><BackupTime><![CDATA[2020-09-18T21:10:52]]></BackupTime><ID><![CDATA[{DB9B5AF8-6F88-4E2A-B961-9261D2B4A3DB}]]></ID><Comment><![CDATA[]]></Comment><GPODisplayName><![CDATA[Server Admin GPO]]></GPODisplayName></BackupInst>
